threshold,model,n,pos,roc,pr,pr_lo,pr_hi,roc_lo,roc_hi
180,lookup,94088,10751,0.7222411593482483,0.28720888178784254,,,,
180,A,94088,10751,0.7283420175033645,0.28688318420009684,,,,
180,own-only@10,94088,10751,0.7914808083668948,0.5346447181870436,,,,
180,A+own@10,94088,10751,0.8386513528982811,0.5897877433449864,,,,
180,A+net@10,94088,10751,0.7705287709039249,0.33707566448870474,,,,
180,A+own+net@10,94088,10751,0.849146680332783,0.6052248975504811,,,,
180,own-only@15,94088,10751,0.7750508591611365,0.47677666169266397,,,,
180,A+own@15,94088,10751,0.8272978957951989,0.5404789127524041,,,,
180,A+net@15,94088,10751,0.7724873836366938,0.34470206968733147,,,,
180,A+own+net@15,94088,10751,0.8394627542722415,0.5562653027379241,,,,
180,own-only@20,94088,10751,0.7279271327725239,0.39686364477280217,,,,
180,A+own@20,94088,10751,0.8009277094179728,0.4739511931529815,,,,
180,A+net@20,94088,10751,0.7684640385729083,0.3370592593459738,,,,
180,A+own+net@20,94088,10751,0.8131807468818502,0.4899839359370322,,,,
180,own-only@30,94088,10751,0.6516793830320838,0.27658255532504344,,,,
180,A+own@30,94088,10751,0.7628290079355196,0.38534762437193015,,,,
180,A+net@30,94088,10751,0.7571909961252374,0.3186587987199503,,,,
180,A+own+net@30,94088,10751,0.7793813040973291,0.4010797859779781,,,,
180,own-only@45,94088,10751,0.5768588354933516,0.18583866340960542,,,,
180,A+own@45,94088,10751,0.7368382709586971,0.3212259905093661,,,,
180,A+net@45,94088,10751,0.7430089829837832,0.30217015153065735,,,,
180,A+own+net@45,94088,10751,0.7505305954799546,0.33512760914847595,,,,
180,own-only@60,94088,10751,0.5363606810341364,0.13312179419346926,,,,
180,A+own@60,94088,10751,0.7267640411711382,0.2901889481514917,,,,
180,A+net@60,94088,10751,0.7314896114992296,0.28710412389910606,,,,
180,A+own+net@60,94088,10751,0.7308378619230252,0.29156202595396985,,,,
180,GAIN own vs A @10,94088,10751,0.11046122973535788,0.3019515079353734,0.2807458426669027,0.32940819076809086,0.09910204554089276,0.11962433818254993
180,GAIN net vs A @10,94088,10751,0.04208576373600609,0.05127219193291582,0.015351616871269843,0.08697272230749749,0.03189101086819064,0.05087138708256164
180,GAIN net on top of own @10,94088,10751,0.010481585200898258,0.015556687571886496,0.010949117841166481,0.020987549608103104,0.007471751661398881,0.013578588709486994
180,GAIN own vs A @15,94088,10751,0.09881381602717082,0.25288518893004663,0.23015256525630695,0.28443544015789507,0.08851453089644763,0.10782065481301466
180,GAIN net vs A @15,94088,10751,0.044078622898517605,0.05877846583037899,0.031059612125239458,0.0862740940942875,0.03440780654916902,0.0528279351993593
180,GAIN net on top of own @15,94088,10751,0.011971250339543882,0.015663592546869054,0.009896504621778471,0.021154854673393876,0.00823507974621689,0.015720815166429522
180,GAIN own vs A @20,94088,10751,0.07247714207976674,0.18631292379613046,0.1629233995817692,0.21764955254979645,0.06278871499810298,0.08012936128935746
180,GAIN net vs A @20,94088,10751,0.03993604080494778,0.05103810349877111,0.020644562800503263,0.08044697184748245,0.03000366622899794,0.04845241220076945
180,GAIN net on top of own @20,94088,10751,0.01195551593458144,0.01598678226834918,0.008426468109878078,0.02372932803437021,0.008021945757449184,0.016703687968410093
180,GAIN own vs A @30,94088,10751,0.034519982249729075,0.09684804826742557,0.07682695732741286,0.12661459538475858,0.0279071376447198,0.040781040669291675
180,GAIN net vs A @30,94088,10751,0.028576443669150298,0.031614580234633205,0.01893224140193384,0.0460342614244056,0.020965559891322982,0.03581585077693967
180,GAIN net on top of own @30,94088,10751,0.01620041786732268,0.015740280243839833,0.011598597032113514,0.01960588922852027,0.012103035649694185,0.020836466265327626
180,GAIN own vs A @45,94088,10751,0.008370861413151076,0.033364450217619135,0.019667788880732458,0.05415711764703556,0.00374621512099457,0.013556049015976132
180,GAIN net vs A @45,94088,10751,0.014428349049386668,0.015212123185460308,0.007074668604070412,0.0255625735390037,0.009749069027694133,0.019886419248419458
180,GAIN net on top of own @45,94088,10751,0.01363020885240207,0.013935120664577638,0.009441751402756838,0.017949464073410058,0.00994444172050136,0.01661412983032607
180,GAIN own vs A @60,94088,10751,-0.0016255441728914022,0.0033581324206101437,-0.00046947545648418613,0.006875582315091321,-0.003987594391855487,0.00044011688791043783
180,GAIN net vs A @60,94088,10751,0.002804155916562745,6.706917363483167e-05,-0.008257173567275521,0.008448310208409542,-0.002485431854292394,0.008746961951852336
180,GAIN net on top of own @60,94088,10751,0.00397853643122803,0.0012679751761103808,-0.005043509609029102,0.008565888578465464,0.0002241275214097506,0.0083936163734345
600,lookup,94088,2447,0.7635914405552446,0.1682746822315887,,,,
600,A,94088,2447,0.7776092006508561,0.15019393677410886,,,,
600,own-only@10,94088,2447,0.8461886243108876,0.47788589360158373,,,,
600,A+own@10,94088,2447,0.8817645312497135,0.518389387883678,,,,
600,A+net@10,94088,2447,0.8104653008307274,0.16851406320626353,,,,
600,A+own+net@10,94088,2447,0.8914049688045729,0.5285577253557218,,,,
600,own-only@15,94088,2447,0.8252792551799706,0.4139543922381935,,,,
600,A+own@15,94088,2447,0.8757286940220663,0.45755643155609393,,,,
600,A+net@15,94088,2447,0.8071378476146818,0.17755180287396705,,,,
600,A+own+net@15,94088,2447,0.8777982046437875,0.46147395725577195,,,,
600,own-only@20,94088,2447,0.7790525917602806,0.3375710867260193,,,,
600,A+own@20,94088,2447,0.8500856697132693,0.3962464369656685,,,,
600,A+net@20,94088,2447,0.8036707372093982,0.17210759496669858,,,,
600,A+own+net@20,94088,2447,0.8495511640684811,0.3977549893497318,,,,
600,own-only@30,94088,2447,0.7015068331775465,0.22098780851484373,,,,
600,A+own@30,94088,2447,0.8157468978188358,0.29685491938368025,,,,
600,A+net@30,94088,2447,0.7937329247151494,0.16421981937575092,,,,
600,A+own+net@30,94088,2447,0.8168633102768645,0.3033906118885167,,,,
600,own-only@45,94088,2447,0.5841608604304513,0.1273363552969683,,,,
600,A+own@45,94088,2447,0.7880833961963487,0.21563140458848873,,,,
600,A+net@45,94088,2447,0.7911180832605862,0.16004636931529576,,,,
600,A+own+net@45,94088,2447,0.7995577254033699,0.22455134688418013,,,,
600,own-only@60,94088,2447,0.4906105908636474,0.04511870536351926,,,,
600,A+own@60,94088,2447,0.776234709466468,0.15877459210318184,,,,
600,A+net@60,94088,2447,0.7856561593757008,0.15486071064559842,,,,
600,A+own+net@60,94088,2447,0.7901993625941979,0.1707868263802482,,,,
600,GAIN own vs A @10,94088,2447,0.10412145592146521,0.3682295314101495,0.303640338956072,0.4178011020803376,0.08386712999197081,0.12286487913124262
600,GAIN net vs A @10,94088,2447,0.0332321202434564,0.017186974991566864,0.0037066667796093566,0.03004383340424611,0.01891641881030353,0.04616853726649187
600,GAIN net on top of own @10,94088,2447,0.009565721071046251,0.009886393729269582,0.00361334911170257,0.01568017768999338,0.005845108891067333,0.013267607954700795
600,GAIN own vs A @15,94088,2447,0.09693211311561378,0.3063751883678687,0.23212807314716788,0.36493875979773405,0.07536133682131238,0.11746768137331794
600,GAIN net vs A @15,94088,2447,0.030223366287459197,0.026311922129950996,0.012812628962787918,0.03796337212900112,0.013185112000322283,0.043625975819151536
600,GAIN net on top of own @15,94088,2447,0.002269530145113885,0.004064674141524616,-0.0027439714639894085,0.010118474698556968,-0.003066160312261634,0.006750097475274466
600,GAIN own vs A @20,94088,2447,0.07182361490279543,0.24343044961749805,0.174518748591794,0.3035588202472567,0.053618767996930466,0.08975807242426344
600,GAIN net vs A @20,94088,2447,0.026464978290097974,0.021428938388378893,0.009682186944614691,0.03258196019809413,0.010154102272745505,0.04088075236337514
600,GAIN net on top of own @20,94088,2447,-0.0003874656665512344,0.001534133221509859,-0.005513994575675507,0.008185974915285965,-0.008287647276023954,0.008735359586390639
600,GAIN own vs A @30,94088,2447,0.03799492001526206,0.14307997925763033,0.09319865552911236,0.2002773350477034,0.024583942751754673,0.05070539894673181
600,GAIN net vs A @30,94088,2447,0.01648922880466841,0.013640132368506308,0.0009105263437056269,0.02510680614398328,0.004772417122771125,0.027556273021282933
600,GAIN net on top of own @30,94088,2447,0.0011263403814598671,0.006706389398608653,-0.00544083589151996,0.01813189263126824,-0.00553324846316191,0.00937336193627183
600,GAIN own vs A @45,94088,2447,0.009625775557032423,0.06284824834013375,0.03442256072483963,0.10060035213476416,-0.002825069293371703,0.02389045661914856
600,GAIN net vs A @45,94088,2447,0.013924830872493577,0.009121215242126918,0.001565415511021297,0.017536259291068078,0.0016356215489976072,0.025870725523840194
600,GAIN net on top of own @45,94088,2447,0.011823404784601255,0.008764976910062228,0.0028172955697091198,0.014274873627487947,0.00014988313840436126,0.022856407048271122
600,GAIN own vs A @60,94088,2447,-0.0015210682866917957,0.007922338178179417,-0.0005957534148593814,0.017029083736395657,-0.00775945151545056,0.005392372889331714
600,GAIN net vs A @60,94088,2447,0.007789744048857128,0.003781138739070544,-0.005308360832725769,0.014683300783915113,-0.002084592325844417,0.017552021480979303
600,GAIN net on top of own @60,94088,2447,0.014323494004704507,0.011684279571929024,0.005306559171485901,0.018804368529276645,0.005487434845846887,0.021220018892390356
