threshold,fold,test_start,test_end,model,n_test,pos,roc,pr
180,0,2026-09-12,2026-09-15,lookup,37194,3363,0.7273690684784464,0.2613309780884943
180,0,2026-09-12,2026-09-15,A,37194,3363,0.7429818044077393,0.26568537156019695
180,0,2026-09-12,2026-09-15,own-only@10,37194,3363,0.7241893033002993,0.40016821482747494
180,0,2026-09-12,2026-09-15,A+own@10,37194,3363,0.8222865930128833,0.4944340789446682
180,0,2026-09-12,2026-09-15,A+net@10,37194,3363,0.7455711429077521,0.29737834931839496
180,0,2026-09-12,2026-09-15,A+own+net@10,37194,3363,0.8244145812915051,0.501778986266711
180,0,2026-09-12,2026-09-15,own-only@15,37194,3363,0.6896548711501773,0.34792495676639756
180,0,2026-09-12,2026-09-15,A+own@15,37194,3363,0.797316928023749,0.45320038741819835
180,0,2026-09-12,2026-09-15,A+net@15,37194,3363,0.7474962678749535,0.2947166289256577
180,0,2026-09-12,2026-09-15,A+own+net@15,37194,3363,0.8032551218162961,0.46271445009690193
180,0,2026-09-12,2026-09-15,own-only@20,37194,3363,0.6559412968835588,0.29956815031328093
180,0,2026-09-12,2026-09-15,A+own@20,37194,3363,0.7865654054370567,0.4155252166649816
180,0,2026-09-12,2026-09-15,A+net@20,37194,3363,0.747103197960955,0.29276561718158484
180,0,2026-09-12,2026-09-15,A+own+net@20,37194,3363,0.7905840906769515,0.424251331854465
180,0,2026-09-12,2026-09-15,own-only@30,37194,3363,0.6120211943972653,0.22441842959492167
180,0,2026-09-12,2026-09-15,A+own@30,37194,3363,0.760900192771344,0.35393992400727065
180,0,2026-09-12,2026-09-15,A+net@30,37194,3363,0.7417141910702295,0.27826824943177164
180,0,2026-09-12,2026-09-15,A+own+net@30,37194,3363,0.7698638321826584,0.3643204565307526
180,0,2026-09-12,2026-09-15,own-only@45,37194,3363,0.5433178189330002,0.164259741502445
180,0,2026-09-12,2026-09-15,A+own@45,37194,3363,0.7498942132059344,0.31120089114367244
180,0,2026-09-12,2026-09-15,A+net@45,37194,3363,0.738261638658996,0.26633114493655285
180,0,2026-09-12,2026-09-15,A+own+net@45,37194,3363,0.7473664311367412,0.31366312009818187
180,0,2026-09-12,2026-09-15,own-only@60,37194,3363,0.513473760924245,0.11146562778883093
180,0,2026-09-12,2026-09-15,A+own@60,37194,3363,0.7404273685402366,0.2757431363898929
180,0,2026-09-12,2026-09-15,A+net@60,37194,3363,0.7345617442730787,0.26234529984387284
180,0,2026-09-12,2026-09-15,A+own+net@60,37194,3363,0.7378737281117272,0.27330827258926943
180,1,2026-09-16,2026-09-19,lookup,39263,3848,0.7254950508127127,0.2644141146590358
180,1,2026-09-16,2026-09-19,A,39263,3848,0.7498104264463858,0.27674747299737634
180,1,2026-09-16,2026-09-19,own-only@10,39263,3848,0.7139559398612765,0.3937030154572174
180,1,2026-09-16,2026-09-19,A+own@10,39263,3848,0.8231719281592216,0.50087142197697
180,1,2026-09-16,2026-09-19,A+net@10,39263,3848,0.7608020125491536,0.3211300819984182
180,1,2026-09-16,2026-09-19,A+own+net@10,39263,3848,0.8296957327770542,0.510110253251775
180,1,2026-09-16,2026-09-19,own-only@15,39263,3848,0.6758721249350221,0.3394303304475049
180,1,2026-09-16,2026-09-19,A+own@15,39263,3848,0.8066949818061635,0.4562848369918877
180,1,2026-09-16,2026-09-19,A+net@15,39263,3848,0.7635425940063806,0.3103984207944272
180,1,2026-09-16,2026-09-19,A+own+net@15,39263,3848,0.8127273165551437,0.4695831993601581
180,1,2026-09-16,2026-09-19,own-only@20,39263,3848,0.6344297185466182,0.28375019299937326
180,1,2026-09-16,2026-09-19,A+own@20,39263,3848,0.7902963502550542,0.42072887532570624
180,1,2026-09-16,2026-09-19,A+net@20,39263,3848,0.7602915115780428,0.3095453856710307
180,1,2026-09-16,2026-09-19,A+own+net@20,39263,3848,0.7955397949997696,0.430628453803102
180,1,2026-09-16,2026-09-19,own-only@30,39263,3848,0.5807723384121096,0.20352906050216427
180,1,2026-09-16,2026-09-19,A+own@30,39263,3848,0.7745943223548052,0.3606312193347678
180,1,2026-09-16,2026-09-19,A+net@30,39263,3848,0.7593943383809966,0.2977522445601878
180,1,2026-09-16,2026-09-19,A+own+net@30,39263,3848,0.7727899485841037,0.3590926535916647
180,1,2026-09-16,2026-09-19,own-only@45,39263,3848,0.5291868901938787,0.1410132019806995
180,1,2026-09-16,2026-09-19,A+own@45,39263,3848,0.7574969334499195,0.3017074947745654
180,1,2026-09-16,2026-09-19,A+net@45,39263,3848,0.7544156523349661,0.2842948037900357
180,1,2026-09-16,2026-09-19,A+own+net@45,39263,3848,0.7568370601566281,0.3051512844933521
180,1,2026-09-16,2026-09-19,own-only@60,39263,3848,0.5133551081136851,0.11008680103459026
180,1,2026-09-16,2026-09-19,A+own@60,39263,3848,0.7485563843092433,0.2808884501362983
180,1,2026-09-16,2026-09-19,A+net@60,39263,3848,0.7512725705864207,0.275124210703325
180,1,2026-09-16,2026-09-19,A+own+net@60,39263,3848,0.748983419202606,0.277790708916379
180,2,2026-09-20,2026-09-23,lookup,41449,5122,0.7042497388063026,0.2905375103753354
180,2,2026-09-20,2026-09-23,A,41449,5122,0.7049535609488918,0.2946743979191144
180,2,2026-09-20,2026-09-23,own-only@10,41449,5122,0.7109900808039499,0.43011249847633265
180,2,2026-09-20,2026-09-23,A+own@10,41449,5122,0.7742594123165187,0.4871157482555003
180,2,2026-09-20,2026-09-23,A+net@10,41449,5122,0.7174578541629227,0.2589683056543449
180,2,2026-09-20,2026-09-23,A+own+net@10,41449,5122,0.782518390939551,0.483918088772844
180,2,2026-09-20,2026-09-23,own-only@15,41449,5122,0.672130989083958,0.37604234612305776
180,2,2026-09-20,2026-09-23,A+own@15,41449,5122,0.7501748080988551,0.4464842209869498
180,2,2026-09-20,2026-09-23,A+net@15,41449,5122,0.7076259331764844,0.26781343501737187
180,2,2026-09-20,2026-09-23,A+own+net@15,41449,5122,0.7621105047306267,0.4422141742739061
180,2,2026-09-20,2026-09-23,own-only@20,41449,5122,0.6330996286744056,0.3171107288338579
180,2,2026-09-20,2026-09-23,A+own@20,41449,5122,0.735833476642008,0.40587002557005936
180,2,2026-09-20,2026-09-23,A+net@20,41449,5122,0.7109502456680983,0.2661910467145828
180,2,2026-09-20,2026-09-23,A+own+net@20,41449,5122,0.7450702433932175,0.40193589812595254
180,2,2026-09-20,2026-09-23,own-only@30,41449,5122,0.5846364453205738,0.24166343270153373
180,2,2026-09-20,2026-09-23,A+own@30,41449,5122,0.7146473730033888,0.3570866073477906
180,2,2026-09-20,2026-09-23,A+net@30,41449,5122,0.7173288817300298,0.2969378497061491
180,2,2026-09-20,2026-09-23,A+own+net@30,41449,5122,0.7270034937004968,0.3595389948966204
180,2,2026-09-20,2026-09-23,own-only@45,41449,5122,0.5298388384985886,0.1726386487076585
180,2,2026-09-20,2026-09-23,A+own@45,41449,5122,0.7086109955702276,0.3198671003817329
180,2,2026-09-20,2026-09-23,A+net@45,41449,5122,0.7124969958384967,0.29957772767187363
180,2,2026-09-20,2026-09-23,A+own+net@45,41449,5122,0.7206629057826912,0.3304116549407617
180,2,2026-09-20,2026-09-23,own-only@60,41449,5122,0.5098809383038339,0.13616064776932052
180,2,2026-09-20,2026-09-23,A+own@60,41449,5122,0.7034147971535442,0.29872893509038256
180,2,2026-09-20,2026-09-23,A+net@60,41449,5122,0.7143138773520883,0.3048407451191083
180,2,2026-09-20,2026-09-23,A+own+net@60,41449,5122,0.7138225056844342,0.3085128061318493
180,3,2026-09-24,2026-09-27,lookup,42867,5070,0.6921264923032464,0.24378553453864804
180,3,2026-09-24,2026-09-27,A,42867,5070,0.6906918742024702,0.23994435636822561
180,3,2026-09-24,2026-09-27,own-only@10,42867,5070,0.6714870402611187,0.35496591295724467
180,3,2026-09-24,2026-09-27,A+own@10,42867,5070,0.7505535175218971,0.41647383695136225
180,3,2026-09-24,2026-09-27,A+net@10,42867,5070,0.6912152373843472,0.2368867252133258
180,3,2026-09-24,2026-09-27,A+own+net@10,42867,5070,0.7620131373460393,0.4214327909253035
180,3,2026-09-24,2026-09-27,own-only@15,42867,5070,0.6426246585947905,0.31318916088131327
180,3,2026-09-24,2026-09-27,A+own@15,42867,5070,0.7399151435946176,0.3818986195881794
180,3,2026-09-24,2026-09-27,A+net@15,42867,5070,0.6892839637095897,0.24079797812539847
180,3,2026-09-24,2026-09-27,A+own+net@15,42867,5070,0.7479772796427966,0.3860019175623993
180,3,2026-09-24,2026-09-27,own-only@20,42867,5070,0.6038032797339091,0.26836649427016
180,3,2026-09-24,2026-09-27,A+own@20,42867,5070,0.7215652662080034,0.34104657912948577
180,3,2026-09-24,2026-09-27,A+net@20,42867,5070,0.6920830363429593,0.24105315277920603
180,3,2026-09-24,2026-09-27,A+own+net@20,42867,5070,0.7316018161799573,0.34286475233351943
180,3,2026-09-24,2026-09-27,own-only@30,42867,5070,0.5640479825815049,0.1967705750594096
180,3,2026-09-24,2026-09-27,A+own@30,42867,5070,0.698459712554543,0.28658953993468456
180,3,2026-09-24,2026-09-27,A+net@30,42867,5070,0.6850795297561525,0.24031653698006264
180,3,2026-09-24,2026-09-27,A+own+net@30,42867,5070,0.7040167344715325,0.2923129892843887
180,3,2026-09-24,2026-09-27,own-only@45,42867,5070,0.5191120644025942,0.1473935328868884
180,3,2026-09-24,2026-09-27,A+own@45,42867,5070,0.6907971573879124,0.2559333984464893
180,3,2026-09-24,2026-09-27,A+net@45,42867,5070,0.688302860933778,0.24244211239685193
180,3,2026-09-24,2026-09-27,A+own+net@45,42867,5070,0.6895962986950062,0.255449360470704
180,3,2026-09-24,2026-09-27,own-only@60,42867,5070,0.5084498268780293,0.12462337504408014
180,3,2026-09-24,2026-09-27,A+own@60,42867,5070,0.6875481909770345,0.24165687497275634
180,3,2026-09-24,2026-09-27,A+net@60,42867,5070,0.693166236490493,0.24449041335574623
180,3,2026-09-24,2026-09-27,A+own+net@60,42867,5070,0.6847085116123561,0.2426450035476062
180,4,2026-09-28,2026-10-01,lookup,43944,4854,0.7141699982808313,0.26177122453802043
180,4,2026-09-28,2026-10-01,A,43944,4854,0.7112406285011199,0.2514391426181578
180,4,2026-09-28,2026-10-01,own-only@10,43944,4854,0.6718821936171933,0.3701790286393607
180,4,2026-09-28,2026-10-01,A+own@10,43944,4854,0.7754211910793376,0.4535059608714061
180,4,2026-09-28,2026-10-01,A+net@10,43944,4854,0.7128836442119614,0.25033753492900834
180,4,2026-09-28,2026-10-01,A+own+net@10,43944,4854,0.7766549555540587,0.45058970195919584
180,4,2026-09-28,2026-10-01,own-only@15,43944,4854,0.6423651988802108,0.31563658020592444
180,4,2026-09-28,2026-10-01,A+own@15,43944,4854,0.7588881895213342,0.40415479906762647
180,4,2026-09-28,2026-10-01,A+net@15,43944,4854,0.7132948559961625,0.25371207890362046
180,4,2026-09-28,2026-10-01,A+own+net@15,43944,4854,0.7585580664273744,0.40295818977185677
180,4,2026-09-28,2026-10-01,own-only@20,43944,4854,0.5991042693253386,0.25978903711805834
180,4,2026-09-28,2026-10-01,A+own@20,43944,4854,0.7432206539945693,0.36250548112500786
180,4,2026-09-28,2026-10-01,A+net@20,43944,4854,0.7110387711031656,0.2516412841667256
180,4,2026-09-28,2026-10-01,A+own+net@20,43944,4854,0.7418088617405683,0.3621249075187147
180,4,2026-09-28,2026-10-01,own-only@30,43944,4854,0.5547785987836381,0.19463256426080575
180,4,2026-09-28,2026-10-01,A+own@30,43944,4854,0.728132842521716,0.3135963385568416
180,4,2026-09-28,2026-10-01,A+net@30,43944,4854,0.7093065504546522,0.24910441744945058
180,4,2026-09-28,2026-10-01,A+own+net@30,43944,4854,0.7252445177647264,0.3122786455133435
180,4,2026-09-28,2026-10-01,own-only@45,43944,4854,0.5168299481730169,0.13832520963871398
180,4,2026-09-28,2026-10-01,A+own@45,43944,4854,0.717383476247802,0.26599063164267656
180,4,2026-09-28,2026-10-01,A+net@45,43944,4854,0.7074246799062689,0.24825732615830448
180,4,2026-09-28,2026-10-01,A+own+net@45,43944,4854,0.7141883915948142,0.26525829277169444
180,4,2026-09-28,2026-10-01,own-only@60,43944,4854,0.5104506172195358,0.11749586422904287
180,4,2026-09-28,2026-10-01,A+own@60,43944,4854,0.7118116407647697,0.2565042002004355
180,4,2026-09-28,2026-10-01,A+net@60,43944,4854,0.7084121136363182,0.24778865121519986
180,4,2026-09-28,2026-10-01,A+own+net@60,43944,4854,0.7097547201512616,0.25285164812923505
180,5,2026-10-02,2026-10-05,lookup,40417,3968,0.6547880658370202,0.20128771004885804
180,5,2026-10-02,2026-10-05,A,40417,3968,0.6487669656796196,0.21615915870808905
180,5,2026-10-02,2026-10-05,own-only@10,40417,3968,0.672555704214196,0.35455506392320624
180,5,2026-10-02,2026-10-05,A+own@10,40417,3968,0.7483911215372517,0.41685964858821556
180,5,2026-10-02,2026-10-05,A+net@10,40417,3968,0.6593226379778108,0.2119583922842611
180,5,2026-10-02,2026-10-05,A+own+net@10,40417,3968,0.7547356547239227,0.4189024136890542
180,5,2026-10-02,2026-10-05,own-only@15,40417,3968,0.6412653182993648,0.3024945021372163
180,5,2026-10-02,2026-10-05,A+own@15,40417,3968,0.7261505512231408,0.3699557187676484
180,5,2026-10-02,2026-10-05,A+net@15,40417,3968,0.6539086644429822,0.2080621566919555
180,5,2026-10-02,2026-10-05,A+own+net@15,40417,3968,0.7297735985389218,0.36657609910908295
180,5,2026-10-02,2026-10-05,own-only@20,40417,3968,0.604607353215142,0.24830920736223996
180,5,2026-10-02,2026-10-05,A+own@20,40417,3968,0.7037148099775293,0.3262536365974019
180,5,2026-10-02,2026-10-05,A+net@20,40417,3968,0.6540197412657456,0.2088188497089855
180,5,2026-10-02,2026-10-05,A+own+net@20,40417,3968,0.7099867577620609,0.3266937798352378
180,5,2026-10-02,2026-10-05,own-only@30,40417,3968,0.5593954425604845,0.18522590119313548
180,5,2026-10-02,2026-10-05,A+own@30,40417,3968,0.678497059302481,0.2765091272869303
180,5,2026-10-02,2026-10-05,A+net@30,40417,3968,0.6486134874491003,0.20682904087133436
180,5,2026-10-02,2026-10-05,A+own+net@30,40417,3968,0.6807562021591813,0.27029647087993836
180,5,2026-10-02,2026-10-05,own-only@45,40417,3968,0.5222196444501774,0.13838595862154937
180,5,2026-10-02,2026-10-05,A+own@45,40417,3968,0.6523651736872289,0.236762566781683
180,5,2026-10-02,2026-10-05,A+net@45,40417,3968,0.6520802873922822,0.20877484555338433
180,5,2026-10-02,2026-10-05,A+own+net@45,40417,3968,0.664037225096445,0.23725544937058832
180,5,2026-10-02,2026-10-05,own-only@60,40417,3968,0.5081839798914791,0.10814526884406717
180,5,2026-10-02,2026-10-05,A+own@60,40417,3968,0.6491906340465556,0.2224117088848323
180,5,2026-10-02,2026-10-05,A+net@60,40417,3968,0.6527973569067783,0.21440353165236403
180,5,2026-10-02,2026-10-05,A+own+net@60,40417,3968,0.654102919241335,0.2212193178514499
600,0,2026-09-12,2026-09-15,lookup,37194,772,0.7766432980636028,0.14475343799204
600,0,2026-09-12,2026-09-15,A,37194,772,0.8036968702796778,0.1416874511221042
600,0,2026-09-12,2026-09-15,own-only@10,37194,772,0.8213209476251756,0.42545995233350636
600,0,2026-09-12,2026-09-15,A+own@10,37194,772,0.8895790827612873,0.48722699255295127
600,0,2026-09-12,2026-09-15,A+net@10,37194,772,0.8229777816061181,0.1475010747450118
600,0,2026-09-12,2026-09-15,A+own+net@10,37194,772,0.8968709091726432,0.49203221641428674
600,0,2026-09-12,2026-09-15,own-only@15,37194,772,0.8050899921558541,0.3849365883350681
600,0,2026-09-12,2026-09-15,A+own@15,37194,772,0.8888365278003416,0.44513016460007315
600,0,2026-09-12,2026-09-15,A+net@15,37194,772,0.8146991420091997,0.1471457101782205
600,0,2026-09-12,2026-09-15,A+own+net@15,37194,772,0.8869809228209449,0.44730107894604065
600,0,2026-09-12,2026-09-15,own-only@20,37194,772,0.7754444126891364,0.3430482139387927
600,0,2026-09-12,2026-09-15,A+own@20,37194,772,0.8690343271717288,0.4089998494550422
600,0,2026-09-12,2026-09-15,A+net@20,37194,772,0.8216549533206459,0.14366710508560207
600,0,2026-09-12,2026-09-15,A+own+net@20,37194,772,0.8740027130160755,0.4090094231070161
600,0,2026-09-12,2026-09-15,own-only@30,37194,772,0.7110059597868736,0.2506306398950297
600,0,2026-09-12,2026-09-15,A+own@30,37194,772,0.8538761447203662,0.3388521783648185
600,0,2026-09-12,2026-09-15,A+net@30,37194,772,0.8199677826673681,0.15036761208585842
600,0,2026-09-12,2026-09-15,A+own+net@30,37194,772,0.8607371050293294,0.34909086815863977
600,0,2026-09-12,2026-09-15,own-only@45,37194,772,0.626576635626762,0.1761129171875793
600,0,2026-09-12,2026-09-15,A+own@45,37194,772,0.8341853148882572,0.25054096948312643
600,0,2026-09-12,2026-09-15,A+net@45,37194,772,0.8096615650792396,0.14110495974889353
600,0,2026-09-12,2026-09-15,A+own+net@45,37194,772,0.8464413127293389,0.2533263843379637
600,0,2026-09-12,2026-09-15,own-only@60,37194,772,0.5185140656888182,0.0611327468567922
600,0,2026-09-12,2026-09-15,A+own@60,37194,772,0.8067077939001167,0.1482621555277406
600,0,2026-09-12,2026-09-15,A+net@60,37194,772,0.7955352206987578,0.1415323117690456
600,0,2026-09-12,2026-09-15,A+own+net@60,37194,772,0.8075091550600146,0.16443156724434782
600,1,2026-09-16,2026-09-19,lookup,39263,750,0.7627711335566345,0.16333756534785923
600,1,2026-09-16,2026-09-19,A,39263,750,0.7827333454504539,0.14945640955514464
600,1,2026-09-16,2026-09-19,own-only@10,39263,750,0.8032547105306433,0.3818641985864732
600,1,2026-09-16,2026-09-19,A+own@10,39263,750,0.8646261435532591,0.41746088302149575
600,1,2026-09-16,2026-09-19,A+net@10,39263,750,0.788183903270757,0.15474858655723858
600,1,2026-09-16,2026-09-19,A+own+net@10,39263,750,0.8690895887968566,0.4229929316031265
600,1,2026-09-16,2026-09-19,own-only@15,39263,750,0.7820910861267625,0.31782002568253653
600,1,2026-09-16,2026-09-19,A+own@15,39263,750,0.8534779944434348,0.37020578355879624
600,1,2026-09-16,2026-09-19,A+net@15,39263,750,0.7904177117683208,0.1556064611809971
600,1,2026-09-16,2026-09-19,A+own+net@15,39263,750,0.8532918581604481,0.37246305179101347
600,1,2026-09-16,2026-09-19,own-only@20,39263,750,0.744791801902388,0.26347237066261475
600,1,2026-09-16,2026-09-19,A+own@20,39263,750,0.8379543357654126,0.3359537264404213
600,1,2026-09-16,2026-09-19,A+net@20,39263,750,0.7959746405975472,0.1559067771002724
600,1,2026-09-16,2026-09-19,A+own+net@20,39263,750,0.8409064817940264,0.3307043340956952
600,1,2026-09-16,2026-09-19,own-only@30,39263,750,0.6704763240118057,0.17677247872886512
600,1,2026-09-16,2026-09-19,A+own@30,39263,750,0.8188956110058077,0.2737698154384712
600,1,2026-09-16,2026-09-19,A+net@30,39263,750,0.7935132206441116,0.1519791480346357
600,1,2026-09-16,2026-09-19,A+own+net@30,39263,750,0.8245602956577432,0.2740081203258715
600,1,2026-09-16,2026-09-19,own-only@45,39263,750,0.587865119137261,0.10803796485299594
600,1,2026-09-16,2026-09-19,A+own@45,39263,750,0.8016626074312571,0.21018405118822686
600,1,2026-09-16,2026-09-19,A+net@45,39263,750,0.7862063372540873,0.15974003333632975
600,1,2026-09-16,2026-09-19,A+own+net@45,39263,750,0.794010455344083,0.21098108516912775
600,1,2026-09-16,2026-09-19,own-only@60,39263,750,0.5198520499571573,0.03716489200342772
600,1,2026-09-16,2026-09-19,A+own@60,39263,750,0.7893289538597357,0.15544269991099033
600,1,2026-09-16,2026-09-19,A+net@60,39263,750,0.7763826067388502,0.138569887943763
600,1,2026-09-16,2026-09-19,A+own+net@60,39263,750,0.7828270800335817,0.15952478327880493
600,2,2026-09-20,2026-09-23,lookup,41449,1263,0.7399755625651883,0.15543355340726253
600,2,2026-09-20,2026-09-23,A,41449,1263,0.7705833550947714,0.15183751032075604
600,2,2026-09-20,2026-09-23,own-only@10,41449,1263,0.8099676271765428,0.4058579188611551
600,2,2026-09-20,2026-09-23,A+own@10,41449,1263,0.8526439053649933,0.435244514399409
600,2,2026-09-20,2026-09-23,A+net@10,41449,1263,0.7915054162830093,0.15370126713505466
600,2,2026-09-20,2026-09-23,A+own+net@10,41449,1263,0.8667463614067903,0.4484704727052873
600,2,2026-09-20,2026-09-23,own-only@15,41449,1263,0.7719688957038606,0.3395443877277198
600,2,2026-09-20,2026-09-23,A+own@15,41449,1263,0.836815242219483,0.3917387175374518
600,2,2026-09-20,2026-09-23,A+net@15,41449,1263,0.7823649720013339,0.1496163800853343
600,2,2026-09-20,2026-09-23,A+own+net@15,41449,1263,0.844449783171751,0.39904667484319767
600,2,2026-09-20,2026-09-23,own-only@20,41449,1263,0.739747840790522,0.2810497411107899
600,2,2026-09-20,2026-09-23,A+own@20,41449,1263,0.8207243187743896,0.3501257043618687
600,2,2026-09-20,2026-09-23,A+net@20,41449,1263,0.7756106807226051,0.15521495999002524
600,2,2026-09-20,2026-09-23,A+own+net@20,41449,1263,0.8235581426808728,0.3461745649973015
600,2,2026-09-20,2026-09-23,own-only@30,41449,1263,0.6710016258917019,0.16822042878924084
600,2,2026-09-20,2026-09-23,A+own@30,41449,1263,0.7951147709469257,0.26266780530231176
600,2,2026-09-20,2026-09-23,A+net@30,41449,1263,0.7737420637739971,0.14536561023931166
600,2,2026-09-20,2026-09-23,A+own+net@30,41449,1263,0.8081803323965571,0.26078289402188115
600,2,2026-09-20,2026-09-23,own-only@45,41449,1263,0.5696096386166952,0.0940214418086263
600,2,2026-09-20,2026-09-23,A+own@45,41449,1263,0.7890524224667252,0.20045819193602668
600,2,2026-09-20,2026-09-23,A+net@45,41449,1263,0.7824087608613612,0.14989939089284024
600,2,2026-09-20,2026-09-23,A+own+net@45,41449,1263,0.7907048239147978,0.20606401224867893
600,2,2026-09-20,2026-09-23,own-only@60,41449,1263,0.5179441822760898,0.04664168634329347
600,2,2026-09-20,2026-09-23,A+own@60,41449,1263,0.7782191176035393,0.1547906020846531
600,2,2026-09-20,2026-09-23,A+net@60,41449,1263,0.7766740259535045,0.14721196940786396
600,2,2026-09-20,2026-09-23,A+own+net@60,41449,1263,0.7788628581766205,0.16357341109672854
600,3,2026-09-24,2026-09-27,lookup,42867,861,0.7659311348862667,0.11779980172411986
600,3,2026-09-24,2026-09-27,A,42867,861,0.7218842914039767,0.08634611182823605
600,3,2026-09-24,2026-09-27,own-only@10,42867,861,0.75487522301305,0.2864419577084994
600,3,2026-09-24,2026-09-27,A+own@10,42867,861,0.8139841672969345,0.3207917959556748
600,3,2026-09-24,2026-09-27,A+net@10,42867,861,0.7169970409072141,0.08679391941269682
600,3,2026-09-24,2026-09-27,A+own+net@10,42867,861,0.8159708172877024,0.33803351615453553
600,3,2026-09-24,2026-09-27,own-only@15,42867,861,0.7181827710802666,0.2279539503553081
600,3,2026-09-24,2026-09-27,A+own@15,42867,861,0.8068964955672777,0.2754453891913492
600,3,2026-09-24,2026-09-27,A+net@15,42867,861,0.733114380595925,0.1021823766884095
600,3,2026-09-24,2026-09-27,A+own+net@15,42867,861,0.8021581508487561,0.28642006253088964
600,3,2026-09-24,2026-09-27,own-only@20,42867,861,0.6938884567289568,0.18778291403027472
600,3,2026-09-24,2026-09-27,A+own@20,42867,861,0.7748159615270934,0.23691507517623298
600,3,2026-09-24,2026-09-27,A+net@20,42867,861,0.7451347998900439,0.09600425102461603
600,3,2026-09-24,2026-09-27,A+own+net@20,42867,861,0.7853582860210833,0.2521292595016461
600,3,2026-09-24,2026-09-27,own-only@30,42867,861,0.6486406620856054,0.11423098609916418
600,3,2026-09-24,2026-09-27,A+own@30,42867,861,0.738269553660909,0.16203713353104432
600,3,2026-09-24,2026-09-27,A+net@30,42867,861,0.7382347154322237,0.09231014097659779
600,3,2026-09-24,2026-09-27,A+own+net@30,42867,861,0.7508993378137507,0.17970509918861746
600,3,2026-09-24,2026-09-27,own-only@45,42867,861,0.5632328781304015,0.06724628051213125
600,3,2026-09-24,2026-09-27,A+own@45,42867,861,0.7196377924662386,0.11851962624096192
600,3,2026-09-24,2026-09-27,A+net@45,42867,861,0.7316185072394116,0.0909772327418187
600,3,2026-09-24,2026-09-27,A+own+net@45,42867,861,0.7419963731744976,0.1354167115686746
600,3,2026-09-24,2026-09-27,own-only@60,42867,861,0.509458910880659,0.026201313814596307
600,3,2026-09-24,2026-09-27,A+own@60,42867,861,0.7299151805258947,0.08945049613726162
600,3,2026-09-24,2026-09-27,A+net@60,42867,861,0.721054491800657,0.09365227723093668
600,3,2026-09-24,2026-09-27,A+own+net@60,42867,861,0.7278453197024063,0.09775788525313465
600,4,2026-09-28,2026-10-01,lookup,43944,865,0.7484687696364268,0.09752679223843824
600,4,2026-09-28,2026-10-01,A,43944,865,0.7449725313099325,0.07647141320341151
600,4,2026-09-28,2026-10-01,own-only@10,43944,865,0.773112175815718,0.3001117008685288
600,4,2026-09-28,2026-10-01,A+own@10,43944,865,0.8375450828542319,0.324478480700667
600,4,2026-09-28,2026-10-01,A+net@10,43944,865,0.7568648512002483,0.08146816786476571
600,4,2026-09-28,2026-10-01,A+own+net@10,43944,865,0.8398118955267959,0.33703830934206624
600,4,2026-09-28,2026-10-01,own-only@15,43944,865,0.7355155006925709,0.24147725105881118
600,4,2026-09-28,2026-10-01,A+own@15,43944,865,0.8222342149461395,0.2853852818372455
600,4,2026-09-28,2026-10-01,A+net@15,43944,865,0.7547569749191799,0.0861701030572901
600,4,2026-09-28,2026-10-01,A+own+net@15,43944,865,0.8238405794865115,0.28319197269364876
600,4,2026-09-28,2026-10-01,own-only@20,43944,865,0.6999435906635838,0.183649021732151
600,4,2026-09-28,2026-10-01,A+own@20,43944,865,0.7974143618653563,0.23707827623552696
600,4,2026-09-28,2026-10-01,A+net@20,43944,865,0.7552040363536973,0.08679049865391608
600,4,2026-09-28,2026-10-01,A+own+net@20,43944,865,0.8070484968669606,0.2372013971149278
600,4,2026-09-28,2026-10-01,own-only@30,43944,865,0.6262617798433769,0.11699940431576566
600,4,2026-09-28,2026-10-01,A+own@30,43944,865,0.7817925851242247,0.1892853823546349
600,4,2026-09-28,2026-10-01,A+net@30,43944,865,0.7554747313948148,0.07947363708369197
600,4,2026-09-28,2026-10-01,A+own+net@30,43944,865,0.7800576089069859,0.1818536400790938
600,4,2026-09-28,2026-10-01,own-only@45,43944,865,0.5449430921843146,0.06198914507512413
600,4,2026-09-28,2026-10-01,A+own@45,43944,865,0.7628787788317927,0.12385748583382798
600,4,2026-09-28,2026-10-01,A+net@45,43944,865,0.7515545508742039,0.0806823693257194
600,4,2026-09-28,2026-10-01,A+own+net@45,43944,865,0.7662802591340792,0.12030640447272091
600,4,2026-09-28,2026-10-01,own-only@60,43944,865,0.5069308745446429,0.0279628703675647
600,4,2026-09-28,2026-10-01,A+own@60,43944,865,0.7531828807056589,0.09373731538242445
600,4,2026-09-28,2026-10-01,A+net@60,43944,865,0.7513436733453944,0.08027113021622874
600,4,2026-09-28,2026-10-01,A+own+net@60,43944,865,0.7567678255314507,0.08460073773437146
600,5,2026-10-02,2026-10-05,lookup,40417,623,0.7251193969972646,0.0796149063089543
600,5,2026-10-02,2026-10-05,A,40417,623,0.7234531916416092,0.10380426109487004
600,5,2026-10-02,2026-10-05,own-only@10,40417,623,0.7987247284994448,0.35852591247577564
600,5,2026-10-02,2026-10-05,A+own@10,40417,623,0.833508035887227,0.4031410384211942
600,5,2026-10-02,2026-10-05,A+net@10,40417,623,0.7511573044195263,0.0923879254015198
600,5,2026-10-02,2026-10-05,A+own+net@10,40417,623,0.8385643326373198,0.40122469790348575
600,5,2026-10-02,2026-10-05,own-only@15,40417,623,0.764938490206909,0.29019734295668165
600,5,2026-10-02,2026-10-05,A+own@15,40417,623,0.818658184352465,0.344702555440071
600,5,2026-10-02,2026-10-05,A+net@15,40417,623,0.73587670322385,0.09110226967979462
600,5,2026-10-02,2026-10-05,A+own+net@15,40417,623,0.822990709537747,0.34496036354092136
600,5,2026-10-02,2026-10-05,own-only@20,40417,623,0.7219704955641941,0.22702567958829697
600,5,2026-10-02,2026-10-05,A+own@20,40417,623,0.7986536562171589,0.2852550205471519
600,5,2026-10-02,2026-10-05,A+net@20,40417,623,0.740746566325404,0.0916346158862461
600,5,2026-10-02,2026-10-05,A+own+net@20,40417,623,0.7950717664672905,0.2771772095920755
600,5,2026-10-02,2026-10-05,own-only@30,40417,623,0.6628484810739999,0.14412392075585215
600,5,2026-10-02,2026-10-05,A+own@30,40417,623,0.7675115932122663,0.2183986675256619
600,5,2026-10-02,2026-10-05,A+net@30,40417,623,0.731948729375223,0.09365194911055262
600,5,2026-10-02,2026-10-05,A+own+net@30,40417,623,0.7738743776032442,0.2236775248048073
600,5,2026-10-02,2026-10-05,own-only@45,40417,623,0.5936229083794382,0.09315609052964004
600,5,2026-10-02,2026-10-05,A+own@45,40417,623,0.7445448191412096,0.17089287368686948
600,5,2026-10-02,2026-10-05,A+net@45,40417,623,0.7302804668763232,0.10249885671576511
600,5,2026-10-02,2026-10-05,A+own+net@45,40417,623,0.7489822586319546,0.16893400602956865
600,5,2026-10-02,2026-10-05,own-only@60,40417,623,0.5075864821003127,0.023343839987319745
600,5,2026-10-02,2026-10-05,A+own@60,40417,623,0.7296321642332814,0.10647498094253234
600,5,2026-10-02,2026-10-05,A+net@60,40417,623,0.7306662014027135,0.10226124770941807
600,5,2026-10-02,2026-10-05,A+own+net@60,40417,623,0.7323844000454669,0.10651651612717596
