population,target,fold,model,n,pos_rate,roc,pr
all labels,>=3 min,0,lookup,75543,0.08997524588644877,0.7441236604043583,0.28789137105217727
all labels,>=3 min,0,GBM,75543,0.08997524588644877,0.7472485405450433,0.2966637107495346
all labels,>=3 min,1,lookup,79996,0.08741687084354217,0.7251930887329434,0.25705020512121535
all labels,>=3 min,1,GBM,79996,0.08741687084354217,0.7355347220352768,0.2684942902125031
all labels,>=3 min,2,lookup,79050,0.12093611638203669,0.6891939201691222,0.24886888068637197
all labels,>=3 min,2,GBM,79050,0.12093611638203669,0.6665178570890968,0.23597699608849224
all labels,>=3 min,3,lookup,83615,0.09778149853495187,0.6866012092259764,0.2188871059266181
all labels,>=3 min,3,GBM,83615,0.09778149853495187,0.6789191186375774,0.22365653777092526
all labels,>=10 min,0,lookup,75543,0.023708351534887415,0.813580904546839,0.1804637941366403
all labels,>=10 min,0,GBM,75543,0.023708351534887415,0.8367229848547313,0.18680086868428372
all labels,>=10 min,1,lookup,79996,0.018675933796689834,0.780202932781119,0.1622824679190053
all labels,>=10 min,1,GBM,79996,0.018675933796689834,0.7945369582241393,0.1469448124184367
all labels,>=10 min,2,lookup,79050,0.024275774826059457,0.7292015136447308,0.10957750391543185
all labels,>=10 min,2,GBM,79050,0.024275774826059457,0.7234590449175857,0.09877253700956337
all labels,>=10 min,3,lookup,83615,0.016719488130120193,0.7459376668216527,0.09017393891065975
all labels,>=10 min,3,GBM,83615,0.016719488130120193,0.739482589455035,0.09126948374089379
fresh labels,>=3 min,0,lookup,64880,0.10046239210850802,0.7438638290609281,0.3107638019318662
fresh labels,>=3 min,0,GBM,64880,0.10046239210850802,0.7591800557910722,0.33030382075186915
fresh labels,>=3 min,1,lookup,69386,0.09633067189346554,0.7248476371405319,0.2723171931544159
fresh labels,>=3 min,1,GBM,69386,0.09633067189346554,0.7389493327523553,0.2807505056084851
fresh labels,>=3 min,2,lookup,73813,0.12684757427553411,0.6933572045919321,0.2648979500407662
fresh labels,>=3 min,2,GBM,73813,0.12684757427553411,0.6750491987385436,0.2542250967727879
fresh labels,>=3 min,3,lookup,75510,0.1052046086611045,0.6874729154088983,0.23266049517880438
fresh labels,>=3 min,3,GBM,75510,0.1052046086611045,0.6801163128877843,0.23523616236876038
fresh labels,>=10 min,0,lookup,64880,0.026310110974106043,0.8083782140878318,0.18874211828848164
fresh labels,>=10 min,0,GBM,64880,0.026310110974106043,0.849658887162785,0.19927657075754118
fresh labels,>=10 min,1,lookup,69386,0.020205805205661086,0.77486111945783,0.16871983540610078
fresh labels,>=10 min,1,GBM,69386,0.020205805205661086,0.7854584302205536,0.14228530079317334
fresh labels,>=10 min,2,lookup,73813,0.025280099711432944,0.7318913271739523,0.12323587685102541
fresh labels,>=10 min,2,GBM,73813,0.025280099711432944,0.7096940374606764,0.10567614684644608
fresh labels,>=10 min,3,lookup,75510,0.017878426698450536,0.7442079737504494,0.08894970271686095
fresh labels,>=10 min,3,GBM,75510,0.017878426698450536,0.7396433187502497,0.09169560169288495
all departures,cancelled,0,lookup,85999,0.06862870498494168,0.45597218244109106,0.06048536958495557
all departures,cancelled,0,GBM,85999,0.06862870498494168,0.41049872806077936,0.05546526061928669
all departures,cancelled,1,lookup,87445,0.016547544170621535,0.5144965401792584,0.02018433011625346
all departures,cancelled,1,GBM,87445,0.016547544170621535,0.6128560381975101,0.023263933784692242
all departures,cancelled,2,lookup,90909,0.01823801823801824,0.6578794452894865,0.03668770659253831
all departures,cancelled,2,GBM,90909,0.01823801823801824,0.5869636652728168,0.023253836107111195
all departures,cancelled,3,lookup,88079,0.012102771375696817,0.6605270742037661,0.020294103178066715
all departures,cancelled,3,GBM,88079,0.012102771375696817,0.6786402374715784,0.021237383411681205
