route_id,line_name,route_type,product
28806_700,570,700,bus
28805_700,561,700,bus
28804_700,557,700,bus
28803_700,556,700,bus
28802_700,554,700,bus
28801_700,550,700,bus
28800_700,548,700,bus
28799_700,546,700,bus
28400_700,568,700,bus
28399_700,567,700,bus
22624_700,540,700,bus
22454_700,545,700,bus
22453_700,543,700,bus
22452_700,542,700,bus
22451_700,541,700,bus
22424_700,E30,700,bus
20931_700,640,700,bus
20930_700,641,700,bus
20845_700,549,700,bus
19211_700,X43,700,bus
18945_700,X1,700,bus
18943_700,N13,700,bus
18941_700,647,700,bus
18940_700,646,700,bus
18939_700,645,700,bus
18938_700,644,700,bus
18937_700,643,700,bus
18935_700,635,700,bus
18934_700,634,700,bus
18933_700,633,700,bus
18932_700,632,700,bus
18931_700,631,700,bus
18930_700,630,700,bus
18929_700,629,700,bus
18928_700,628,700,bus
18927_700,627,700,bus
18926_700,626,700,bus
18924_700,624,700,bus
18923_700,623,700,bus
18922_700,622,700,bus
18921_700,621,700,bus
18920_700,620,700,bus
18917_700,613,700,bus
18916_700,612,700,bus
18915_700,611,700,bus
18914_700,610,700,bus
18913_700,608,700,bus
18911_700,607,700,bus
18910_700,602,700,bus
18909_700,601,700,bus
18908_700,590,700,bus
18907_700,589,700,bus
18906_700,588,700,bus
18905_700,587,700,bus
18904_700,586,700,bus
18902_700,584,700,bus
18901_700,583,700,bus
18900_700,582,700,bus
18899_700,581,700,bus
18898_700,580,700,bus
18897_700,572,700,bus
18895_700,569,700,bus
18893_700,564,700,bus
18892_700,563,700,bus
18891_700,562,700,bus
18889_700,560,700,bus
18888_700,558,700,bus
18886_700,553,700,bus
18885_700,552,700,bus
18884_700,551,700,bus
29221_700,623,700,bus
29220_700,622,700,bus
28712_700,339,700,bus
28260_900,21,900,tram
27569_700,215,700,bus
26782_700,N63,700,bus
26781_700,893,700,bus
26780_700,358,700,bus
24759_700,X36,700,bus
24641_900,18,900,tram
23984_700,334R,700,bus
23416_700,N43,700,bus
23415_700,M43,700,bus
23414_700,143,700,bus
23154_700,X37,700,bus
22755_700,N96,700,bus
22754_700,M36,700,bus
22674_700,N64,700,bus
22609_700,744,700,bus
22390_700,X71,700,bus
22389_700,N7X,700,bus
21681_700,N77,700,bus
21680_700,N12,700,bus
21284_700,300,700,bus
20359_700,N18,700,bus
19019_700,365,700,bus
18374_700,169,700,bus
17994_700,U2,700,bus
17744_700,M2,700,bus
17619_700,310,700,bus
17538_700,X83,700,bus
17537_700,X76,700,bus
17536_700,X69,700,bus
17535_700,X54,700,bus
17534_700,X49,700,bus
17533_700,X34,700,bus
17532_700,X33,700,bus
17531_700,X21,700,bus
17530_700,X11,700,bus
17529_700,X10,700,bus
17527_700,X7,700,bus
17526_400,U9,400,subway
17525_400,U8,400,subway
17524_700,U8,700,bus
17523_400,U7,400,subway
17522_700,U7,700,bus
17521_400,U6,400,subway
17520_700,U6,700,bus
17518_400,U5,400,subway
17517_700,U5,700,bus
17516_400,U4,400,subway
17515_400,U3,400,subway
17514_400,U2,400,subway
17512_400,U1,400,subway
17510_700,N97,700,bus
17509_700,N95,700,bus
17508_700,N94,700,bus
17507_700,N91,700,bus
17505_700,N88,700,bus
17504_700,N84,700,bus
17503_700,N81,700,bus
17501_700,N70,700,bus
17500_700,N69,700,bus
17499_700,N68,700,bus
17497_700,N65,700,bus
17496_700,N62,700,bus
17495_700,N61,700,bus
17494_700,N60,700,bus
17493_700,N58,700,bus
17492_700,N56,700,bus
17491_700,N53,700,bus
17490_700,N52,700,bus
17489_700,N50,700,bus
17488_700,N42,700,bus
17487_700,N40,700,bus
17486_700,N39,700,bus
17485_700,N35,700,bus
17484_700,N34,700,bus
17483_700,N33,700,bus
17482_700,N30,700,bus
17481_700,N26,700,bus
17480_700,N25,700,bus
17479_700,N24,700,bus
17478_700,N23,700,bus
17477_700,N22,700,bus
17476_700,N20,700,bus
17474_700,N10,700,bus
17473_700,N9,700,bus
17472_700,N8,700,bus
17471_700,N7,700,bus
17470_700,N6,700,bus
17469_700,N5,700,bus
17468_700,N3,700,bus
17467_700,N2,700,bus
17466_700,N1,700,bus
17465_700,M85,700,bus
17464_700,M82,700,bus
17463_900,M8,900,tram
17462_700,M77,700,bus
17461_700,M76,700,bus
17460_900,M6,900,tram
17459_900,M5,900,tram
17458_700,M49,700,bus
17457_700,M48,700,bus
17456_700,M46,700,bus
17455_700,M45,700,bus
17454_700,M44,700,bus
17453_700,M41,700,bus
17452_900,M4,900,tram
17451_700,M37,700,bus
17450_700,M32,700,bus
17449_700,M29,700,bus
17448_700,M27,700,bus
17447_700,M21,700,bus
17446_900,M2,900,tram
17445_700,M19,700,bus
17444_900,M17,900,tram
17443_700,M17,700,bus
17442_900,M13,900,tram
17441_700,M11,700,bus
17440_900,M10,900,tram
17438_900,M1,900,tram
17437_700,M8,700,bus
17436_700,M5,700,bus
17435_700,M1,700,bus
17434_1000,F24,1000,ferry
17433_1000,F23,1000,ferry
17432_1000,F21,1000,ferry
17431_1000,F12,1000,ferry
17430_1000,F11,1000,ferry
17429_1000,F10,1000,ferry
17427_900,27,900,tram
17425_900,M17,900,tram
17424_900,M8,900,tram
17422_900,68,900,tram
17421_900,67,900,tram
17420_900,63,900,tram
17419_900,62,900,tram
17418_900,61,900,tram
17417_900,60,900,tram
17416_900,50,900,tram
17415_700,399,700,bus
17414_700,398,700,bus
17413_700,396,700,bus
17412_700,395,700,bus
17411_700,390,700,bus
17410_700,380,700,bus
17409_700,377,700,bus
17407_700,372,700,bus
17406_700,371,700,bus
17404_900,37,900,tram
17403_700,369,700,bus
17402_700,363,700,bus
17401_700,353,700,bus
17400_700,350,700,bus
17399_700,349,700,bus
17398_700,347,700,bus
17395_700,337,700,bus
17394_700,334,700,bus
17393_700,327,700,bus
17392_700,326,700,bus
17391_700,324,700,bus
17390_700,322,700,bus
17389_700,320,700,bus
17388_700,318,700,bus
17387_700,316,700,bus
17385_700,309,700,bus
17384_700,296,700,bus
17383_700,294,700,bus
17382_700,291,700,bus
17381_700,285,700,bus
17380_700,284,700,bus
17379_700,283,700,bus
17378_700,282,700,bus
17377_700,277,700,bus
17376_700,275,700,bus
17375_700,271,700,bus
17374_900,27,900,tram
17373_700,269,700,bus
17372_700,265,700,bus
17370_700,260,700,bus
17369_700,259,700,bus
17368_700,256,700,bus
17367_700,255,700,bus
17366_700,250,700,bus
17365_700,249,700,bus
17364_700,248,700,bus
17363_700,247,700,bus
17362_700,246,700,bus
17361_700,245,700,bus
17360_700,240,700,bus
17359_700,237,700,bus
17357_700,234,700,bus
17356_700,222,700,bus
17355_700,221,700,bus
17354_700,220,700,bus
17353_700,218,700,bus
17352_900,21,900,tram
17351_700,204,700,bus
17350_700,200,700,bus
17349_700,197,700,bus
17348_700,195,700,bus
17347_700,194,700,bus
17346_700,192,700,bus
17345_700,191,700,bus
17344_700,190,700,bus
17343_700,188,700,bus
17342_700,187,700,bus
17341_700,186,700,bus
17340_700,184,700,bus
17339_700,181,700,bus
17338_900,18,900,tram
17337_700,179,700,bus
17336_700,175,700,bus
17335_700,172,700,bus
17334_700,171,700,bus
17333_700,170,700,bus
17332_700,168,700,bus
17331_700,166,700,bus
17330_700,165,700,bus
17329_700,164,700,bus
17328_700,163,700,bus
17327_700,162,700,bus
17326_700,161,700,bus
17325_700,160,700,bus
17324_900,16,900,tram
17323_700,158,700,bus
17322_700,156,700,bus
17321_700,155,700,bus
17320_700,154,700,bus
17319_700,150,700,bus
17318_700,147,700,bus
17317_700,142,700,bus
17316_700,140,700,bus
17315_700,139,700,bus
17314_700,137,700,bus
17313_700,136,700,bus
17312_700,135,700,bus
17311_700,134,700,bus
17310_700,133,700,bus
17309_700,131,700,bus
17308_700,130,700,bus
17307_700,128,700,bus
17306_700,125,700,bus
17305_700,124,700,bus
17304_700,123,700,bus
17303_700,122,700,bus
17302_700,120,700,bus
17301_900,12,900,tram
17300_700,118,700,bus
17299_700,115,700,bus
17298_700,114,700,bus
17297_700,112,700,bus
17296_700,110,700,bus
17295_700,109,700,bus
17294_700,108,700,bus
17293_700,107,700,bus
17292_700,106,700,bus
17290_700,101,700,bus
17289_700,100,700,bus
17281_700,27,700,bus
17279_700,12,700,bus
25529_700,511,700,bus
23444_700,732,700,bus
22804_700,263,700,bus
22625_700,N36,700,bus
16009_700,741,700,bus
15714_700,742,700,bus
15374_700,519,700,bus
11216_700,518,700,bus
5384_700,743,700,bus
5382_700,739,700,bus
5381_700,738,700,bus
5380_700,737,700,bus
5379_700,736,700,bus
5378_700,735,700,bus
5377_700,734,700,bus
5376_700,733,700,bus
5373_700,731,700,bus
5372_700,730,700,bus
5371_700,729,700,bus
5370_700,728,700,bus
5369_700,727,700,bus
5368_700,726,700,bus
5366_700,725,700,bus
5365_700,724,700,bus
5364_700,723,700,bus
5363_700,722,700,bus
5362_700,721,700,bus
5359_700,517,700,bus
5358_700,516,700,bus
5356_700,513,700,bus
5355_700,512,700,bus
5354_700,510,700,bus
5353_700,509,700,bus
5352_700,508,700,bus
5351_700,507,700,bus
5350_700,506,700,bus
5348_700,504,700,bus
5346_700,502,700,bus
5345_700,500,700,bus
5344_700,477,700,bus
5343_700,476,700,bus
5342_700,475,700,bus
5341_700,474,700,bus
5340_700,473,700,bus
5339_700,472,700,bus
5338_700,471,700,bus
5337_700,470,700,bus
5336_700,469,700,bus
5335_700,468,700,bus
5334_700,465,700,bus
5333_700,467,700,bus
5332_700,466,700,bus
26454_700,938,700,bus
26405_700,923,700,bus
21726_700,935,700,bus
21725_700,889,700,bus
18373_700,R933,700,bus
18372_700,R931,700,bus
18371_700,970,700,bus
18370_700,969,700,bus
18369_700,968,700,bus
18368_700,967,700,bus
18367_700,966,700,bus
18366_700,959,700,bus
18365_700,958,700,bus
18364_700,957,700,bus
18363_700,956,700,bus
18362_700,955,700,bus
18361_700,951,700,bus
18360_700,950,700,bus
18359_700,949,700,bus
18358_700,948,700,bus
18357_700,947,700,bus
18356_700,946,700,bus
18355_700,945,700,bus
18354_700,944,700,bus
18353_700,943,700,bus
18352_700,942,700,bus
18351_700,941,700,bus
18350_700,940,700,bus
18349_700,939,700,bus
18348_700,937,700,bus
18347_700,936,700,bus
18346_700,934,700,bus
18345_700,933,700,bus
18344_700,932,700,bus
18343_700,931,700,bus
18342_700,929,700,bus
18341_700,928,700,bus
18340_700,927,700,bus
18339_700,926,700,bus
25354_700,825,700,bus
20969_700,823,700,bus
15068_3,848,3,bus
15068_700,848,700,bus
14755_700,834,700,bus
14754_700,814,700,bus
14753_700,810,700,bus
13543_3,831,3,bus
13543_700,831,700,bus
5269_3,857,3,bus
5269_700,857,700,bus
5268_3,854,3,bus
5268_700,854,700,bus
5266_700,851,700,bus
5265_700,850,700,bus
5264_3,847,3,bus
5264_700,847,700,bus
5263_3,846,3,bus
5263_700,846,700,bus
5262_3,845,3,bus
5262_700,845,700,bus
5260_3,843,3,bus
5260_700,843,700,bus
5259_3,842,3,bus
5259_700,842,700,bus
5258_3,841,3,bus
5258_700,841,700,bus
5257_3,839,3,bus
5257_700,839,700,bus
5256_3,838,3,bus
5256_700,838,700,bus
5255_3,837,3,bus
5255_700,837,700,bus
5254_3,836,3,bus
5254_700,836,700,bus
5253_700,835,700,bus
5252_3,833,3,bus
5252_700,833,700,bus
5251_3,832,3,bus
5251_700,832,700,bus
5250_3,830,3,bus
5250_700,830,700,bus
5249_700,824,700,bus
5248_700,822,700,bus
5247_700,821,700,bus
5246_700,816,700,bus
5244_3,813,3,bus
5243_3,812,3,bus
5243_700,812,700,bus
5242_700,811,700,bus
5241_700,809,700,bus
5240_700,808,700,bus
5239_700,807,700,bus
5238_700,806,700,bus
5237_700,805,700,bus
5236_3,804,3,bus
5236_700,804,700,bus
5235_700,803,700,bus
5234_3,802,3,bus
5234_700,802,700,bus
5233_3,800,3,bus
5233_700,800,700,bus
5232_3,801,3,bus
5232_700,801,700,bus
27914_3,686,3,bus
17694_3,338,3,bus
17694_700,338,700,bus
16735_700,683,700,bus
16734_700,682,700,bus
16733_700,681,700,bus
16709_3,670,3,bus
13418_700,669,700,bus
10686_700,689,700,bus
10685_3,688,3,bus
10685_700,688,700,bus
10684_700,687,700,bus
10683_3,685,3,bus
10683_700,685,700,bus
10682_700,684,700,bus
10679_700,679,700,bus
10678_700,678,700,bus
10677_700,677,700,bus
10676_700,676,700,bus
10675_700,675,700,bus
10674_700,674,700,bus
10673_700,673,700,bus
10672_700,672,700,bus
10671_700,668,700,bus
10296_3,657,3,bus
10296_700,657,700,bus
4477_700,663,700,bus
3975_700,660,700,bus
3713_700,649,700,bus
1971_700,642,700,bus
1955_700,614,700,bus
1945_3,604,3,bus
1945_700,604,700,bus
1939_700,680,700,bus
1938_3,671,3,bus
1938_700,671,700,bus
1936_700,667,700,bus
1935_700,666,700,bus
1934_700,665,700,bus
1933_700,664,700,bus
1931_700,662,700,bus
1930_700,661,700,bus
1929_700,659,700,bus
1928_700,658,700,bus
1926_700,656,700,bus
1925_700,655,700,bus
1924_3,654,3,bus
1924_700,654,700,bus
1923_700,653,700,bus
1922_3,652,3,bus
1922_700,652,700,bus
1921_3,651,3,bus
1921_700,651,700,bus
1920_700,650,700,bus
29195_700,40,700,bus
29172_700,894,700,bus
29171_700,892,700,bus
29169_700,890,700,bus
29168_700,887,700,bus
29167_700,886,700,bus
29166_700,885,700,bus
29165_700,884,700,bus
29164_700,883,700,bus
29163_700,881,700,bus
29162_700,880,700,bus
29161_700,879,700,bus
29160_700,877,700,bus
29159_700,876,700,bus
29158_700,873,700,bus
29157_700,872,700,bus
29156_700,870,700,bus
29155_700,868,700,bus
29154_700,866,700,bus
29153_700,861,700,bus
29152_700,860,700,bus
29151_700,859,700,bus
29150_700,858,700,bus
29149_700,857,700,bus
29148_700,856,700,bus
29147_700,855,700,bus
29146_700,854,700,bus
29145_700,853,700,bus
29144_700,852,700,bus
29143_700,851,700,bus
29142_700,850,700,bus
29141_700,849,700,bus
29140_700,800,700,bus
22529_700,EV4,700,bus
21619_700,2N,700,bus
21454_700,45,700,bus
21205_700,EV1,700,bus
21159_700,9,700,bus
17541_700,4N,700,bus
17540_700,3N,700,bus
15624_700,10,700,bus
15029_700,48,700,bus
15027_700,34,700,bus
15026_700,30,700,bus
15025_700,28,700,bus
15024_700,24,700,bus
15020_700,14,700,bus
14979_700,38,700,bus
13443_700,17,700,bus
13136_700,47,700,bus
13134_700,46,700,bus
13133_700,44,700,bus
13132_700,43,700,bus
13131_700,42,700,bus
13127_700,39,700,bus
13126_700,37,700,bus
13125_700,35,700,bus
13123_700,33,700,bus
13122_700,32,700,bus
13120_700,29,700,bus
13119_700,27,700,bus
13118_700,26,700,bus
13116_700,25,700,bus
13115_700,23,700,bus
13114_700,22,700,bus
13113_700,21,700,bus
13111_700,20,700,bus
13110_700,19,700,bus
13109_700,18,700,bus
13108_700,16,700,bus
13107_700,15,700,bus
13106_700,13,700,bus
13105_700,12,700,bus
13104_700,11,700,bus
12891_900,4,900,tram
12890_900,3,900,tram
12889_900,2,900,tram
12888_900,1,900,tram
17680_100,RB45,100,regional
17680_700,RB45,700,bus
28199_700,EV3,700,bus
16214_700,983,700,bus
12194_700,N2,700,bus
12193_700,N1,700,bus
1883_900,5,900,tram
1882_900,4,900,tram
1881_900,3,900,tram
1880_900,2,900,tram
1879_900,1,900,tram
1878_700,988,700,bus
1877_700,987,700,bus
1874_700,984,700,bus
1872_700,982,700,bus
1871_700,981,700,bus
1870_700,980,700,bus
26410_700,958,700,bus
26409_700,825,700,bus
24694_700,903,700,bus
23724_700,872,700,bus
23435_700,906,700,bus
22775_700,871,700,bus
21750_700,889,700,bus
21749_700,866,700,bus
20879_700,879,700,bus
20479_700,870,700,bus
19244_700,914,700,bus
19009_700,897,700,bus
16374_700,882,700,bus
14733_700,867,700,bus
14428_700,863,700,bus
10234_700,917,700,bus
7251_700,869,700,bus
4287_700,862,700,bus
4281_700,861,700,bus
4271_700,923,700,bus
4270_700,922,700,bus
4269_700,921,700,bus
4268_700,920,700,bus
4267_700,919,700,bus
4266_700,918,700,bus
4265_700,916,700,bus
4264_700,915,700,bus
4262_700,913,700,bus
4261_700,912,700,bus
4260_700,911,700,bus
4259_700,910,700,bus
4258_700,909,700,bus
4257_700,908,700,bus
4256_700,907,700,bus
4254_700,905,700,bus
4253_700,904,700,bus
4251_700,902,700,bus
4250_700,901,700,bus
4249_700,900,700,bus
4248_700,899,700,bus
4247_700,898,700,bus
4245_700,896,700,bus
4244_700,895,700,bus
4243_700,894,700,bus
4242_700,893,700,bus
4241_700,892,700,bus
4240_700,891,700,bus
4239_700,890,700,bus
4238_700,887,700,bus
4237_700,886,700,bus
4236_700,885,700,bus
4235_700,884,700,bus
4234_700,883,700,bus
4232_700,881,700,bus
4231_700,880,700,bus
4229_700,878,700,bus
4228_700,877,700,bus
4227_700,876,700,bus
4226_700,875,700,bus
4225_700,874,700,bus
4224_700,873,700,bus
4223_700,868,700,bus
4222_700,865,700,bus
4221_700,864,700,bus
23534_700,497,700,bus
23189_700,446,700,bus
19150_700,531,700,bus
19149_700,519,700,bus
19148_700,518,700,bus
19147_700,517,700,bus
19146_700,515,700,bus
19145_700,514,700,bus
19144_700,512,700,bus
19143_700,511,700,bus
19142_700,510,700,bus
19141_700,509,700,bus
19140_700,508,700,bus
19139_700,506,700,bus
19138_700,505,700,bus
19137_700,504,700,bus
19136_700,503,700,bus
19135_700,502,700,bus
19134_700,501,700,bus
19133_700,494,700,bus
19131_700,491,700,bus
19129_700,486,700,bus
19128_700,484,700,bus
19127_700,482,700,bus
19126_700,481,700,bus
19125_700,479,700,bus
19124_700,475,700,bus
19123_700,474,700,bus
19122_700,473,700,bus
19121_700,472,700,bus
19120_700,471,700,bus
19119_700,469,700,bus
19118_700,468,700,bus
19117_700,467,700,bus
19116_700,465,700,bus
19115_700,464,700,bus
19114_700,463,700,bus
19113_700,462,700,bus
19112_700,460,700,bus
19111_700,459,700,bus
19110_700,457,700,bus
19109_700,456,700,bus
19108_700,455,700,bus
19107_700,454,700,bus
19106_700,453,700,bus
19105_700,452,700,bus
19104_700,451,700,bus
19103_700,450,700,bus
19102_700,448,700,bus
19101_700,447,700,bus
19100_700,445,700,bus
19099_700,441,700,bus
19098_700,435,700,bus
19097_700,432,700,bus
19096_700,431,700,bus
19095_700,428,700,bus
19094_700,427,700,bus
19093_700,425,700,bus
19092_700,424,700,bus
19091_700,421,700,bus
19090_700,419,700,bus
19089_700,416,700,bus
19088_700,414,700,bus
19087_700,413,700,bus
19086_700,411,700,bus
19085_700,403,700,bus
19084_700,401,700,bus
28960_109,S3,109,suburban
28572_109,S15,109,suburban
28571_109,S15,109,suburban
28412_109,S85,109,suburban
28411_109,S8,109,suburban
24864_109,S5,109,suburban
22240_109,S85,109,suburban
21649_109,S25,109,suburban
18950_109,S3,109,suburban
18949_109,S26,109,suburban
16815_109,S7,109,suburban
16814_109,S7,109,suburban
14383_700,S42,700,bus
11701_700,S3,700,bus
11561_109,S3,109,suburban
11537_109,S46,109,suburban
11536_109,S46,109,suburban
11342_700,S41,700,bus
11341_700,S25,700,bus
10371_700,S9,700,bus
10286_700,S1,700,bus
10279_109,S2,109,suburban
10278_109,S2,109,suburban
10277_109,S1,109,suburban
10276_109,S1,109,suburban
10272_700,S7,700,bus
10271_109,S9,109,suburban
10236_700,S46,700,bus
10231_700,S2,700,bus
10229_109,S47,109,suburban
10228_109,S42,109,suburban
10227_109,S42,109,suburban
10226_109,S42,109,suburban
10225_109,S41,109,suburban
10224_109,S41,109,suburban
10223_109,S41,109,suburban
10170_109,S9,109,suburban
10167_109,S8,109,suburban
10166_109,S75,109,suburban
10165_109,S75,109,suburban
10163_109,S7,109,suburban
10162_109,S7,109,suburban
10160_109,S5,109,suburban
10159_109,S5,109,suburban
10158_109,S5,109,suburban
10157_109,S5,109,suburban
10155_109,S46,109,suburban
10150_109,S3,109,suburban
10149_109,S3,109,suburban
10148_109,S3,109,suburban
10145_109,S25,109,suburban
10144_109,S2,109,suburban
10143_109,S2,109,suburban
10142_109,S1,109,suburban
10141_109,S1,109,suburban
21947_700,2,700,bus
15260_700,L/530,700,bus
5607_700,N4,700,bus
5606_700,K/529,700,bus
343_900,6,900,tram
340_900,1,900,tram
337_700,N2,700,bus
336_700,N1,700,bus
335_700,W/540,700,bus
333_700,H/528,700,bus
331_700,F/526,700,bus
330_700,E/525,700,bus
329_700,D/524,700,bus
328_700,C/523,700,bus
327_700,B/522,700,bus
28777_700,N13,700,bus
27916_700,662,700,bus
27915_700,619,700,bus
23564_700,609E,700,bus
16915_700,616,700,bus
16859_700,N16,700,bus
15959_700,612,700,bus
15280_900,98,900,tram
15279_700,X5,700,bus
15278_700,639,700,bus
15277_700,638,700,bus
15276_700,609,700,bus
15274_700,605,700,bus
15273_700,603,700,bus
13438_900,99,900,tram
11364_700,X15,700,bus
11362_700,N14,700,bus
7362_900,93,900,tram
7361_700,690,700,bus
5635_900,96,900,tram
5633_900,91,900,tram
5631_700,691,700,bus
5596_700,699,700,bus
4456_700,698,700,bus
1558_900,94,900,tram
1556_900,92,900,tram
1554_700,N17,700,bus
1552_700,N15,700,bus
1551_700,697,700,bus
1550_700,696,700,bus
1549_700,695,700,bus
1548_700,694,700,bus
1547_700,693,700,bus
1546_700,692,700,bus
20439_900,87,900,tram
12532_900,88,900,tram
29243_700,B,700,bus
29242_700,X2,700,bus
29241_700,A,700,bus
29240_700,X1,700,bus
29238_700,X4,700,bus
29237_700,C,700,bus
28435_700,RE30,700,bus
28311_100,RE20,100,regional
28054_100,RB92,100,regional
27180_100,RB91,100,regional
26748_100,RB93,100,regional
26747_100,RB91,100,regional
24524_700,RE11,700,bus
24407_700,RE13,700,bus
24172_700,RE4,700,bus
24171_700,RE2,700,bus
24057_100,RE10,100,regional
24056_100,RB20,100,regional
24055_100,RB14,100,regional
24053_100,RE7,100,regional
24052_100,RB22,100,regional
24051_100,FEX,100,regional
24050_100,RB24,100,regional
24049_100,RB21,100,regional
24048_100,RE13,100,regional
24047_100,RE11,100,regional
24046_100,RB32,100,regional
24045_100,RE2,100,regional
24044_100,RB23,100,regional
24043_100,RB49,100,regional
24042_100,RB43,100,regional
24025_100,RE4,100,regional
20813_100,RB73,100,regional
20812_100,RB74,100,regional
20810_700,RB34,700,bus
20809_100,RB33,100,regional
20809_700,RB33,700,bus
20466_100,RB93,100,regional
19721_700,RB20,700,bus
19720_700,RB21,700,bus
19719_700,RB22,700,bus
19717_700,RB24,700,bus
19716_700,RB31,700,bus
19715_700,RB43,700,bus
19714_700,RB49,700,bus
19712_700,RB66,700,bus
19708_700,RE3,700,bus
19706_700,RE6,700,bus
19705_700,RE7,700,bus
19702_700,RE10,700,bus
19701_700,RE15,700,bus
19686_100,RB23,100,regional
19685_100,RB24,100,regional
19681_100,RE14,100,regional
19157_100,RB51,100,regional
19156_109,S1,109,suburban
19156_700,S1,700,bus
19155_109,S4,109,suburban
19066_100,RE6,100,regional
19065_100,RB55,100,regional
19063_100,RE18,100,regional
19062_100,RE15,100,regional
19060_100,RB31,100,regional
19059_100,RE5,100,regional
19058_100,RE3,100,regional
27044_700,X19,700,bus
25489_700,721,700,bus
20364_700,714,700,bus
19079_700,715,700,bus
16774_700,774,700,bus
16354_700,600,700,bus
15712_700,795,700,bus
15711_700,791,700,bus
15710_700,790,700,bus
13889_700,792,700,bus
13888_700,789,700,bus
13730_700,797,700,bus
13729_700,794,700,bus
13728_700,793,700,bus
12043_700,760,700,bus
10914_700,773,700,bus
10913_700,755,700,bus
10912_700,752,700,bus
10911_700,709,700,bus
9696_700,711,700,bus
6629_700,771,700,bus
6626_700,769,700,bus
6625_700,768,700,bus
6624_700,766,700,bus
6622_700,758,700,bus
6621_700,756,700,bus
6620_700,754,700,bus
6618_700,753,700,bus
6617_700,751,700,bus
5270_700,761,700,bus
4521_700,772,700,bus
4520_700,770,700,bus
4519_700,765,700,bus
4518_700,764,700,bus
4517_700,763,700,bus
4516_700,759,700,bus
4515_700,757,700,bus
4514_700,750,700,bus
4512_700,720,700,bus
4511_700,719,700,bus
4509_700,718,700,bus
4508_700,717,700,bus
4507_700,716,700,bus
4505_700,713,700,bus
4504_700,712,700,bus
4503_700,710,700,bus
4502_700,708,700,bus
4501_700,707,700,bus
4499_700,706,700,bus
4498_700,705,700,bus
4497_700,704,700,bus
4496_700,703,700,bus
4495_700,702,700,bus
4493_700,701,700,bus
4492_700,700,700,bus
28442_700,RE50,700,bus
28441_700,RB10,700,bus
28323_106,RB13,106,regional
28259_100,RE8,100,regional
28258_100,RB10,100,regional
25352_700,RB15,700,bus
25205_700,RE8,700,bus
24394_700,RB37,700,bus
24194_700,RE8,700,bus
24109_700,RE1,700,bus
23945_100,RE1,100,regional
23944_100,RB37,100,regional
23389_106,RB15,106,regional
22670_106,RB19,106,regional
20373_106,RB64,106,regional
20369_100,RB65,100,regional
18969_100,RB46,100,regional
17047_106,RB65,106,regional
17047_700,RB65,700,bus
17039_700,RB33,700,bus
16867_106,RB13,106,regional
16349_100,RB51,100,regional
16345_100,RB33,100,regional
29104_700,786,700,bus
29103_700,778,700,bus
29102_700,751,700,bus
29101_700,747,700,bus
26003_700,757,700,bus
22739_700,758,700,bus
22726_700,794,700,bus
22725_700,792,700,bus
22724_700,791,700,bus
22723_700,788,700,bus
22722_700,787,700,bus
22721_700,785,700,bus
22720_700,784,700,bus
22719_700,782,700,bus
22718_700,779,700,bus
22717_700,777,700,bus
22716_700,772,700,bus
22715_700,771,700,bus
22714_700,770,700,bus
22713_700,766,700,bus
22712_700,764,700,bus
22711_700,762,700,bus
22710_700,759,700,bus
22709_700,757,700,bus
22708_700,756,700,bus
22707_700,754,700,bus
22706_700,752,700,bus
22705_700,748,700,bus
22704_700,746,700,bus
22703_700,745,700,bus
22702_700,744,700,bus
22701_700,743,700,bus
22700_700,742,700,bus
22699_700,741,700,bus
22698_700,740,700,bus
22697_700,719,700,bus
22696_700,717,700,bus
22695_700,715,700,bus
22694_700,714,700,bus
22693_700,713,700,bus
22692_700,712,700,bus
22691_700,711,700,bus
22690_700,707,700,bus
22689_700,706,700,bus
22688_700,705,700,bus
22687_700,704,700,bus
22686_700,703,700,bus
22685_700,702,700,bus
22684_700,701,700,bus
29066_700,978,700,bus
29065_700,977,700,bus
29064_700,976,700,bus
29063_700,975,700,bus
29062_700,974,700,bus
29061_700,973,700,bus
29060_700,972,700,bus
29059_700,971,700,bus
29058_700,960,700,bus
29057_700,958,700,bus
29056_700,957,700,bus
29055_700,955,700,bus
29054_700,954,700,bus
29053_700,953,700,bus
29052_700,952,700,bus
29051_700,951,700,bus
29050_700,950,700,bus
29049_700,949,700,bus
29048_700,948,700,bus
29047_700,947,700,bus
29046_700,946,700,bus
29045_700,945,700,bus
29044_700,944,700,bus
29043_700,942,700,bus
29042_700,941,700,bus
29041_700,939,700,bus
29040_700,937,700,bus
29039_700,936,700,bus
29038_700,935,700,bus
29037_700,934,700,bus
29036_700,933,700,bus
29035_700,932,700,bus
29034_700,931,700,bus
29033_700,925,700,bus
29032_700,924,700,bus
29031_700,923,700,bus
29030_700,920,700,bus
29029_700,919,700,bus
29028_700,917,700,bus
29027_700,915,700,bus
29026_700,913,700,bus
29025_700,912,700,bus
29024_700,905,700,bus
29023_700,904,700,bus
29022_700,903,700,bus
29021_700,902,700,bus
29020_700,901,700,bus
27969_700,599,700,bus
27968_700,598,700,bus
27967_700,595,700,bus
27966_700,592,700,bus
27965_700,587,700,bus
27964_700,586,700,bus
27963_700,585,700,bus
27962_700,584,700,bus
27961_700,581,700,bus
27960_700,579e,700,bus
27959_700,579,700,bus
27958_700,578,700,bus
27957_700,577,700,bus
27956_700,575,700,bus
27955_700,571,700,bus
27954_700,570,700,bus
27953_700,565,700,bus
27952_700,560,700,bus
27951_700,558,700,bus
27950_700,553,700,bus
27949_700,552,700,bus
27948_700,551,700,bus
27947_700,550,700,bus
27946_700,546,700,bus
27945_700,544,700,bus
27944_700,542,700,bus
27943_700,536,700,bus
27942_700,534,700,bus
27941_700,527e,700,bus
27940_700,527,700,bus
27939_700,526,700,bus
27938_700,525,700,bus
27937_700,524,700,bus
27936_700,522,700,bus
27935_700,521,700,bus
27934_700,520,700,bus
25907_700,G/693,700,bus
25906_700,C/692,700,bus
25905_700,B/691,700,bus
25904_700,A/690,700,bus
24853_700,661,700,bus
24852_700,643,700,bus
24851_700,642,700,bus
24850_700,641,700,bus
24849_700,626,700,bus
24848_700,625,700,bus
24847_700,624,700,bus
24846_700,623,700,bus
24845_700,622,700,bus
24844_700,621,700,bus
24843_700,620,700,bus
24842_700,619,700,bus
24841_700,618,700,bus
24840_700,617,700,bus
24839_700,616,700,bus
24838_700,615,700,bus
24837_700,614,700,bus
24836_700,613,700,bus
24835_700,612,700,bus
24834_700,611,700,bus
24833_700,610,700,bus
24832_700,609,700,bus
24831_700,608,700,bus
24830_700,607,700,bus
24829_700,606,700,bus
24828_700,605,700,bus
24827_700,604,700,bus
24826_700,603,700,bus
24825_700,602,700,bus
24824_700,601,700,bus
28382_1000,F39,1000,ferry
28381_900,89,900,tram
29185_700,422,700,bus
28109_700,415,700,bus
27544_700,A400,700,bus
27317_700,733,700,bus
27316_700,722,700,bus
27315_700,464,700,bus
27314_700,463,700,bus
27313_700,462,700,bus
27312_700,461,700,bus
27311_700,460,700,bus
27310_700,459,700,bus
27309_700,458,700,bus
27308_700,457,700,bus
27307_700,456,700,bus
27306_700,455,700,bus
27304_700,453,700,bus
27303_700,452,700,bus
27302_700,451,700,bus
27301_700,441,700,bus
27300_700,440,700,bus
27299_700,439,700,bus
27298_700,438,700,bus
27297_700,437,700,bus
27296_700,436,700,bus
27295_700,435,700,bus
27294_700,434,700,bus
27293_700,433,700,bus
27292_700,432,700,bus
27291_700,431,700,bus
27290_700,430,700,bus
27289_700,429,700,bus
27288_700,428,700,bus
27287_700,427,700,bus
27286_700,426,700,bus
27285_700,424,700,bus
27284_700,423,700,bus
27283_700,421,700,bus
27282_700,420,700,bus
27280_700,418,700,bus
27279_700,416,700,bus
27278_700,414,700,bus
27277_700,413,700,bus
27276_700,412,700,bus
27275_700,411,700,bus
27274_700,409,700,bus
27273_700,408,700,bus
27272_700,407,700,bus
27271_700,406,700,bus
27270_700,405,700,bus
27269_700,404,700,bus
27268_700,403,700,bus
27267_700,402,700,bus
27266_700,401,700,bus
27265_700,400,700,bus
25219_700,T9,700,bus
24718_700,T6,700,bus
24715_700,T3,700,bus
23681_700,BER2,700,bus
26793_100,RB63,100,regional
26793_106,RB63,106,regional
26791_106,RB61,106,regional
26790_100,RB60,100,regional
26790_106,RB60,106,regional
26789_100,RB54,100,regional
26789_106,RB54,106,regional
26788_100,RB36,100,regional
26788_106,RB36,106,regional
26787_106,RB35,106,regional
26786_100,RB27,100,regional
26786_106,RB27,106,regional
26785_100,RB26,100,regional
26785_106,RB26,106,regional
26784_106,RB25,106,regional
26783_100,RB12,100,regional
26783_106,RB12,106,regional
